,距離,1回目,2回目,3回目,4回目,5回目,6～9回目,10～19回,20回以上,3日間以内,4～6日間,7～13日間,14～20日間,21～27日間,28～90日間,91日間以上1年未満,自分ひとり,夫婦・パートナー,家族・親族,職場の同僚,友人,その他,店頭で申し込んだ,ウェブサイトから申し込んだ,電話等その他の方法で申し込んだ,北海道,青森県,岩手県,宮城県,秋田県,山形県,福島県,茨城県,栃木県,群馬県,埼玉県,千葉県,東京都,神奈川県,新潟県,富山県,石川県,福井県,山梨県,長野県,岐阜県,静岡県,愛知県,三重県,滋賀県,京都府,大阪府,兵庫県,奈良県,和歌山県,鳥取県,島根県,岡山県,広島県,山口県,徳島県,香川県,愛媛県,高知県,福岡県,佐賀県,長崎県,熊本県,大分県,宮崎県,鹿児島県,沖縄県,延べ合計,満足度_大変満足,満足度_満足,満足度_やや満足,満足度_普通,満足度_やや不満,満足度_不満,満足度_大変不満,満足度_回答者数および選択率延べ合計,再訪_必ず来たい,再訪_来たい,再訪_やや来たい,再訪_何ともいえない,再訪_あまり来たくない,再訪_来たくない,再訪_絶対来たくない,再訪_回答者数および選択率延べ合計,前役立ち_日本政府観光局ホームページ,前役立ち_旅行会社ホームページ,前役立ち_宿泊施設ホームページ,前役立ち_航空会社ホームページ,前役立ち_地方観光協会ホームページ,前役立ち_宿泊予約サイト,前役立ち_口コミサイト（トリップアドバイザー等）,前役立ち_ＳＮＳ（Facebook/Twitter/微信等）,前役立ち_個人のブログ,前役立ち_動画サイト（YouTube/土豆網等）,前役立ち_その他インターネット,前役立ち_日本政府観光局の案内所,前役立ち_旅行会社パンフレット,前役立ち_旅行ガイドブック,前役立ち_自国の親族・知人,前役立ち_日本在住の親族・知人,前役立ち_旅行の展示会や見本市,前役立ち_テレビ番組,前役立ち_新聞,前役立ち_旅行専門誌,前役立ち_その他雑誌,前役立ち_その他,前役立ち_特になし,前役立ち_回答者数および選択率延べ合計,中役立ち_宿泊施設,中役立ち_交通手段,中役立ち_飲食店,中役立ち_観光施設,中役立ち_イベント,中役立ち_土産物,中役立ち_買物場所,中役立ち_無料Ｗｉ-Ｆｉ,中役立ち_祈祷室,中役立ち_ＡＴＭ,中役立ち_宅配便,中役立ち_日本文化体験プログラム,中役立ち_自然体験ツアー・農山漁村体験,中役立ち_通訳案内士・観光ガイド,中役立ち_有料での住宅宿泊（Airbnb等）,中役立ち_クレジットカード利用可能店舗,中役立ち_その他,中役立ち_特になし,中役立ち_回答者数および選択率延べ合計,今回_日本食を食べること,今回_日本の酒を飲むこと（日本酒・焼酎等）,今回_旅館に宿泊,今回_温泉入浴,今回_自然・景勝地観光,今回_繁華街の街歩き,今回_ショッピング,今回_美術館・博物館・動植物園・水族館,今回_テーマパーク,今回_スキー・スノーボード,今回_その他スポーツ（ゴルフ等）,今回_舞台・音楽鑑賞,今回_スポーツ観戦（相撲・サッカー等）,今回_自然体験ツアー・農漁村体験,今回_四季の体感（花見・紅葉・雪等）,今回_映画・アニメ縁の地を訪問,今回_日本の歴史・伝統文化体験,今回_日本の日常生活体験,今回_日本のポップカルチャーを楽しむ,今回_治療・健診,今回_上記には当てはまるものがない,今回_回答者数および選択率延べ合計,満足_日本食を食べること,満足_日本の酒を飲むこと（日本酒・焼酎等）,満足_旅館に宿泊,満足_温泉入浴,満足_自然・景勝地観光,満足_繁華街の街歩き,満足_ショッピング,満足_美術館・博物館・動植物園・水族館,満足_テーマパーク,満足_スキー・スノーボード,満足_その他スポーツ（ゴルフ等）,満足_舞台・音楽鑑賞,満足_スポーツ観戦（相撲・サッカー等）,満足_自然体験ツアー・農漁村体験,満足_四季の体感（花見・紅葉・雪等）,満足_映画・アニメ縁の地を訪問,満足_日本の歴史・伝統文化体験,満足_日本の日常生活体験,満足_日本のポップカルチャーを楽しむ,満足_治療・健診,期待_日本食を食べること,期待_日本の酒を飲むこと（日本酒・焼酎等）,期待_旅館に宿泊,期待_温泉入浴,期待_自然・景勝地観光,期待_繁華街の街歩き,期待_ショッピング,期待_美術館・博物館・動植物園・水族館,期待_テーマパーク,期待_スキー・スノーボード,期待_その他スポーツ（ゴルフ等）,期待_舞台・音楽鑑賞,期待_スポーツ観戦（相撲・サッカー等）,期待_自然体験ツアー・農漁村体験,期待_四季の体感（花見・紅葉・雪等）,期待_映画・アニメ縁の地を訪問,期待_日本の歴史・伝統文化体験,期待_日本の日常生活体験,期待_日本のポップカルチャーを楽しむ,期待_治療・健診,期待_上記には当てはまるものがない,期待_回答者数および選択率延べ合計,一番期待_日本食を食べること,一番期待_日本の酒を飲むこと（日本酒・焼酎等）,一番期待_旅館に宿泊,一番期待_温泉入浴,一番期待_自然・景勝地観光,一番期待_繁華街の街歩き,一番期待_ショッピング,一番期待_美術館・博物館・動植物園・水族館,一番期待_テーマパーク,一番期待_スキー・スノーボード,一番期待_その他スポーツ（ゴルフ等）,一番期待_舞台・音楽鑑賞,一番期待_スポーツ観戦（相撲・サッカー等）,一番期待_自然体験ツアー・農漁村体験,一番期待_四季の体感（花見・紅葉・雪等）,一番期待_映画・アニメ縁の地を訪問,一番期待_日本の歴史・伝統文化体験,一番期待_日本の日常生活体験,一番期待_日本のポップカルチャーを楽しむ,一番期待_治療・健診,一番期待_上記には当てはまるものがない,一番期待_回答者数および選択率延べ合計,次回_日本食を食べること,次回_日本の酒を飲むこと,次回_旅館に宿泊,次回_温泉入浴,次回_自然・景勝地観光,次回_繁華街の街歩き,次回_ショッピング,次回_美術館・博物館等,次回_テーマパーク,次回_スキー・スノーボード,次回_その他スポーツ,次回_舞台・音楽鑑賞,次回_スポーツ観戦,次回_自然体験ツアー・農漁村体験,次回_四季の体感,次回_映画・アニメ縁の地を訪問,次回_日本の歴史・伝統文化体験,次回_日本の日常生活体験,次回_日本のポップカルチャーを楽しむ,次回_治療・健診,次回_その他,次回_上記には当てはまるものがない,次回_回答者数および選択率延べ合計,一番満足_菓子類,一番満足_酒類,一番満足_生鮮農産物,一番満足_その他食料品・飲料・たばこ,一番満足_化粧品・香水,一番満足_医薬品,一番満足_健康グッズ・トイレタリー,一番満足_衣類,一番満足_靴・かばん・革製品,一番満足_電気製品,一番満足_時計・フィルムカメラ,一番満足_宝石・貴金属,一番満足_民芸品・伝統工芸品,一番満足_本・雑誌・ガイドブックなど,一番満足_音楽・映像・ゲームなどソフトウェア,一番満足_その他買物代,一番満足_その他,一番満足_回答者数および選択率延べ合計,一番満足購入_美味しい,一番満足購入_品質が良い,一番満足購入_自国で入手が難しい,一番満足購入_価格が手頃・自国より安い,一番満足購入_日本製,一番満足購入_伝統的・日本独特,一番満足購入_好きなブランド・商品である,一番満足購入_デザインが良い・かわいい,一番満足購入_人気がある・有名,一番満足購入_お土産に良い・頼まれた,一番満足購入_便利だから,一番満足購入_その他,一番満足購入_不明,一番満足購入_回答者数および選択率延べ合計,一番満足飲食_寿司,一番満足飲食_ラーメン,一番満足飲食_そば・うどん,一番満足飲食_肉料理,一番満足飲食_魚料理,一番満足飲食_小麦粉料理,一番満足飲食_その他日本料理,一番満足飲食_外国の料理,一番満足飲食_その他料理,一番満足飲食_菓子類,一番満足飲食_果物,一番満足飲食_酒,一番満足飲食_その他食料品・飲料,一番満足飲食_回答者数および選択率延べ合計,一番満足飲食理由_美味しい,一番満足飲食理由_食材が新鮮,一番満足飲食理由_自国で味わうことができない,一番満足飲食理由_価格が手頃・自国より安い,一番満足飲食理由_量や種類が適切,一番満足飲食理由_伝統的・日本独特,一番満足飲食理由_好きな料理・食品である,一番満足飲食理由_盛り付けの見た目が良い,一番満足飲食理由_人気がある・有名,一番満足飲食理由_健康に良い,一番満足飲食理由_店のサービスや雰囲気,一番満足飲食理由_その他,一番満足飲食理由_不明,一番満足飲食理由_回答者数および選択率延べ合計,団体パッケージツアー,個人旅行向けパッケージ商品,往復航空（船舶）運賃,宿泊費,飲食費,交通費,交通費_航空（日本国内移動のみ）,交通費_Japan Rail Pass,交通費_新幹線・鉄道・地下鉄・モノレール,交通費_バス,交通費_タクシー,交通費_レンタカー,交通費_船舶（日本国内移動のみ）,交通費_その他交通費,娯楽等サービス費,娯楽等サービス費_現地ツアー・観光ガイド,娯楽等サービス費_ゴルフ場,娯楽等サービス費_テーマパーク,娯楽等サービス費_舞台・音楽鑑賞,娯楽等サービス費_スポーツ観戦,娯楽等サービス費_美術館・博物館・動植物園・水族館,娯楽等サービス費_スキー場リフト,娯楽等サービス費_温泉・温浴施設・ｴｽﾃ・ﾘﾗｸｾﾞｰｼｮﾝ,娯楽等サービス費_マッサージ・医療費,娯楽等サービス費_展示会・コンベンション参加費,娯楽等サービス費_レンタル料（レンタカーを除く）,娯楽等サービス費_その他娯楽等サービス費,買物代,買物代_菓子類,買物代_酒類,買物代_生鮮農産物,買物代_その他食料品・飲料・たばこ,買物代_化粧品・香水,買物代_医薬品,買物代_健康グッズ・トイレタリー,買物代_衣類,買物代_靴・かばん・革製品,買物代_電気製品（デジタルカメラ／PC／家電等）,買物代_時計・フィルムカメラ,買物代_宝石・貴金属,買物代_民芸品・伝統工芸品,買物代_本･雑誌･ガイドブックなど,買物代_音楽・映像・ゲームなどソフトウェア,買物代_その他買物代,その他諸経費
全国籍･地域,,35.7911,15.7624,10.8765,6.9864,6.2041,9.0634,8.5368,6.7793,10.0295,49.6792,29.1886,5.9821,1.5962,2.5336,0.9909,23.2287,15.2656,30.8739,8.6079,20.8987,0.7326,25.7742,70.1632,4.0626,8.0075,0.7403,0.416,0.9978,0.3459,0.397,0.3276,0.8928,1.2853,0.5456,1.0622,35.1178,47.2373,7.8376,0.6214,1.1447,2.0058,0.2145,5.5438,2.8556,3.0012,4.7602,9.024,0.7471,0.6882,27.8039,38.6039,6.0407,11.7069,1.0675,0.4507,0.2344,1.0231,3.028,0.5923,0.2967,0.9934,0.3763,0.1926,8.6907,0.9387,1.4953,1.9365,3.3043,0.5208,1.049,6.1199,252.2826,56.414,38.2784,3.3591,1.5958,0.2047,0.101,0.047,100,63.3257,30.8411,3.5129,1.8843,0.2628,0.1339,0.0393,100,10.3526,14.267,11.2252,8.5069,5.5439,9.6567,15.4857,24.5728,24.3889,14.9023,9.6378,2.1199,6.7692,11.3355,19.5832,13.486,1.0581,7.3776,1.1167,6.8187,0.5055,1.8465,12.6581,233.215,33.1581,54.2383,37.9167,32.6671,7.1943,13.8513,24.5558,26.6301,0.6,8.8646,1.6389,6.8693,3.9462,5.328,3.4673,7.6241,1.373,14.481,284.4041,96.6011,42.3265,26.8911,31.9728,65.8624,74.6135,82.7515,29.3497,20.6684,2.7911,1.5142,3.7474,2.8691,7.0171,13.662,4.5875,28.6702,22.4802,13.5118,0.86,0.2954,573.0428,93.9027,92.3012,90.0268,94.4281,94.6741,92.1555,92.6416,93.4719,95.3715,92.5003,94.3432,93.7484,92.5721,92.6439,92.9498,93.8893,94.9281,94.5303,92.3541,85.5872,69.6778,24.4161,18.8539,26.7229,47.0051,43.3128,52.568,20.7972,18.0817,4.4835,1.8977,3.9111,3.6206,6.3062,13.5094,4.7085,22.1907,17.0306,10.2489,0.7372,7.1591,417.2387,27.5755,1.6622,1.5339,6.8907,14.2263,3.3456,11.2521,3.3004,7.3334,2.0576,0.8278,1.3773,1.3081,1.1429,4.3948,0.769,4.8208,3.0258,1.6099,0.302,1.2439,100,57.5529,21.8593,26.7287,49.2429,45.0035,26.6375,42.8888,17.8894,21.8252,18.0262,2.4838,8.7756,7.9409,16.4034,26.8604,10.2414,25.7656,22.358,13.6026,1.606,1.2158,1.0908,465.9986,21.4728,3.4927,1.3468,5.9444,13.7909,7.0933,0.7715,12.8771,7.6689,4.142,1.7387,0.1916,3.1547,0.9959,0.4477,14.763,0.108,100,24.6964,44.1145,16.4402,22.901,29.4162,10.3034,18.3505,21.3315,15.9111,17.1557,2.377,0.5078,0,223.5052,15.5534,19.3368,4.3941,26.7455,12.6415,3.4129,6.5278,0.697,4.2605,3.1043,0.5657,1.1417,1.6187,100,92.6614,44.4071,17.4013,12.3218,6.3851,24.4037,19.6974,6.3372,13.6674,6.0219,8.2754,0.4866,0,252.0665,16.8643,6.4937,76.642,70.8102,87.9574,80.3678,2.1479,11.2088,63.846,20.6823,18.3846,7.7907,0.9827,1.3554,41.9585,4.3403,0.2707,14.7188,1.4092,1.4159,22.0867,1.3134,4.6992,0.7034,0.5668,0.5908,2.4469,96.4791,69.4636,19.0011,7.0814,38.0245,42.2485,34.59,15.5319,36.6214,20.414,8.5437,3.3422,1.4648,9.4588,4.6581,3.0367,7.1255,0.3494
韓国,1157,20.7633,18.5888,14.2599,9.0152,6.9792,8.3334,10.826,11.234,35.6721,55.7877,5.4425,0.6854,0.378,1.2732,0.761,24.1989,12.7282,26.2073,9.4327,26.6571,0.981,17.134,79.1905,3.6755,9.8854,0.2323,0.0298,0.3178,0.0665,0.1176,0.0877,0.4736,0.275,0.2132,0.7945,16.4693,21.3996,2.8384,0.134,0.5951,0.273,0.0688,0.2685,0.4191,0.6626,0.9993,3.1635,0.3591,0.2315,13.9225,28.7783,4.831,3.0081,0.2023,0.6178,0.2864,0.5414,0.8734,1.5845,0.061,0.742,0.0965,0.0584,23.6247,1.9637,2.7853,2.1647,8.353,0.6465,1.3067,7.8398,164.663,37.3521,52.3584,4.6588,4.9037,0.377,0.313,0.037,100,39.5464,51.1128,5.6008,3.227,0.3578,0.1552,0,100,2.0615,6.889,6.6118,4.1227,0.7637,10.354,5.0291,30.9074,43.6605,9.872,16.2791,1.2089,2.0722,7.751,10.7322,8.7882,0.3915,1.7178,0.1765,0.7126,0.3035,0.6511,17.7897,188.8461,23.9571,35.3462,28.979,20.3167,1.8663,5.1459,12.317,13.8006,0.0301,1.7865,0.4139,2.1356,0.4379,4.5121,1.0023,2.2755,1.8455,28.6768,184.8448,97.6161,59.7615,14.404,31.4105,51.8176,69.9544,77.1031,14.5447,14.0875,0.223,1.9685,3.5681,0.3622,1.8077,4.6659,2.4689,8.9443,13.0074,8.7126,0.385,0.1953,477.0082,93.1257,89.3789,85.0765,95.2974,92.7524,88.4092,88.5082,83.1598,95.4835,89.7189,99.5413,98.7776,86.7282,82.6808,87.9398,97.0481,77.1624,88.3094,81.2959,82.4274,68.4489,27.1972,7.7383,24.2141,29.5205,30.548,39.4149,8.6478,12.6685,0.6268,1.9339,3.3153,0.6548,1.5959,3.6901,2.7343,5.5324,7.2723,5.9226,0.2073,10.6478,292.5316,40.1345,4.2251,1.5775,10.8406,9.0534,2.7964,8.253,2.883,8.2979,0.2241,1.5627,2.2629,0.1902,0.5286,1.5143,0.2885,1.0597,1.293,1.0493,0.0746,1.8908,100,48.5577,23.8608,19.5412,53.1386,25.4671,15.2902,29.7994,7.8636,16.9996,4.5839,3.7908,5.7243,4.9534,4.9645,8.2852,8.4568,10.3079,12.6708,10.3486,0.1441,1.2082,2.2567,318.2136,24.243,6.7443,0.3927,10.1268,6.292,13.5526,2.1627,11.0206,5.4348,2.0722,0.6644,0.009,1.6295,0.8926,0.488,14.178,0.0967,100,31.2345,30.9235,16.2819,21.0427,14.405,4.4513,14.5617,17.5394,14.8509,21.9348,2.3812,0.6302,0,190.2371,19.4387,12.9207,7.5164,30.7018,8.4401,2.9763,7.4233,0.8066,4.7764,1.9888,0.1093,1.7532,1.1485,100,95.0942,21.1363,13.6118,8.1165,7.1463,13.6744,16.5511,3.2651,9.6365,1.9268,7.5321,0.3069,0,197.9981,11.3035,3.4167,85.2798,78.3679,89.4205,83.3246,0.8554,5.2857,60.5633,29.5297,19.4862,8.1959,0.8171,1.8307,35.7325,4.9527,0.7069,12.6525,1.5794,0.276,10.0362,0.1406,7.4313,0.8101,0.3716,0.4877,4.8969,95.2126,77.9384,24.1475,2.4918,37.7046,24.3743,35.96,8.6621,21.7372,9.2324,2.5201,1.0667,0.6245,4.2723,3.1707,2.3806,7.7861,0.3949
台湾,2104,13.2213,14.2273,13.2048,9.5882,10.3824,17.2073,13.2607,8.908,5.2775,71.277,19.6362,1.7354,0.5447,1.1509,0.3782,15.665,12.556,44.6948,5.8148,20.1284,1.0477,29.2093,66.7001,4.0906,10.5651,2.1183,1.768,3.15,1.1483,1.2294,0.5681,0.7945,1.6954,0.6264,1.0855,26.3443,29.286,4.6308,0.8108,3.8114,4.0985,0.3448,4.2527,6.1762,5.1349,1.8551,7.1392,0.885,1.496,18.3595,26.1138,7.512,8.8399,0.7873,0.4382,0.3683,2.0186,1.1358,0.6264,0.503,1.5918,0.6843,0.2483,7.7957,1.3528,2.1341,3.8607,4.284,0.8519,1.0508,15.5767,227.1483,54.6235,41.1932,3.3041,0.713,0.0777,0.0137,0.075,100,72.3753,25.0582,1.3605,0.9651,0.1261,0.1149,0,100,16.0807,18.538,10.977,8.6525,9.4708,9.6283,10.2661,20.7326,33.9999,14.0706,8.2328,3.135,10.2361,12.1675,18.4571,9.0802,1.978,14.1765,2.5329,13.0017,0.4754,1.8354,7.8213,255.5465,43.352,60.2176,36.3188,41.174,10.3898,25.1656,25.5174,21.1786,0.0984,2.7133,2.1757,8.6756,4.5837,5.649,3.3678,6.711,0.7248,11.0346,309.0476,96.6893,31.1587,31.6261,34.3574,75.1968,80.014,88.6775,32.4449,20.6408,2.9284,1.6763,2.1167,1.6825,7.6332,17.2237,2.2875,23.8882,20.1667,13.0997,0.714,0.1962,584.4185,91.0892,88.8831,85.0513,92.0696,92.293,88.6562,88.6773,88.8798,91.2535,88.1181,94.7314,87.6417,97.0286,90.9652,92.6889,91.192,92.5002,91.4451,91.0345,94.5563,59.5427,16.8111,19.532,25.7397,48.5889,41.43,49.6379,19.4644,16.721,4.6509,2.4101,1.9765,2.0099,6.2621,15.5388,2.6372,16.1519,13.7654,8.6687,0.7963,6.9417,379.2773,17.1834,1.2323,1.3133,7.8758,18.7882,5.0798,11.6821,4.2634,7.7647,2.2588,1.5108,0.9146,1.2007,1.2502,7.2327,0.391,4.1931,3.0152,1.877,0.5883,0.3846,100,57.0964,18.0664,26.6341,49.7644,50.1475,31.0001,47.5841,14.9979,23.3423,21.9475,2.1274,5.4865,6.9936,16.332,30.8876,6.1807,23.2148,24.7478,14.7114,0.6017,0.9592,0.8575,473.6809,23.5859,2.5856,2.8142,5.9536,7.6532,12.1179,0.7601,12.6416,6.9359,7.5078,0.8011,0.0639,2.3299,0.7521,0.3124,13.14,0.0447,100,25.5664,42.3756,13.2008,25.0732,30.2445,8.6864,19.7751,17.6347,12.642,16.6386,1.697,0.3051,0,213.8395,8.3201,21.0892,4.1768,29.9247,13.9377,1.7312,7.4808,0.6539,5.7866,3.9194,1.5953,0.4075,0.9769,100,90.7524,49.6454,14.1596,10.334,6.402,21.1443,21.2034,4.4705,11.8107,2.88,6.2107,0.2433,0,239.2564,25.4046,9.2821,65.3133,63.0475,83.9584,74.8934,0.8799,11.6262,56.8642,14.811,9.6284,15.8842,1.1694,1.9611,40.7046,4.4028,0.1022,12.9879,0.9448,0.9297,23.8576,1.5407,2.3601,0.1963,0.3827,0.6176,1.9976,98.9067,78.0873,18.5388,13.5052,44.19,38.4104,57.1104,28.8308,39.6446,21.2377,12.9329,1.1327,0.3429,6.8685,4.0058,2.8752,5.1719,0.1773
香港,2786,11.8802,11.2464,11.0356,8.792,9.0737,16.8891,19.1018,11.9812,3.0177,56.8143,37.4012,1.7586,0.2977,0.5354,0.175,14.6757,21.9247,41.3525,2.9243,18.2929,0.5554,16.5415,80.619,2.8395,8.105,0.9313,0.5286,0.7691,0.3965,0.5473,0.1816,0.6437,0.9967,0.6203,0.9287,28.4284,32.2602,3.993,0.6139,2.0299,2.9906,0.7145,3.3885,3.4446,4.5179,2.0854,8.0973,1.0197,1.0916,19.05,31.4017,6.3784,7.7959,2.3331,1.5717,0.4651,2.0233,1.5004,0.6909,0.9904,2.0346,0.8396,0.4502,11.401,1.7427,2.3235,5.2815,5.9659,2.1493,3.9906,8.5326,228.2366,44.2946,51.949,2.7822,0.7288,0.1577,0.029,0.0588,100,68.0689,29.2614,1.7216,0.7818,0.0643,0.0702,0.0318,100,20.282,16.2286,14.693,11.5092,13.1863,12.396,15.0538,23.7757,27.707,17.7753,6.4603,3.5898,5.5507,10.1362,14.4148,6.4391,0.8587,14.9027,1.9934,18.2924,0.3327,1.2229,9.5813,266.3821,39.0659,57.5503,40.6203,43.4858,7.2448,14.9031,22.3953,21.7722,0.0509,4.755,1.1344,4.3852,4.4318,2.7261,3.0152,4.2649,0.3869,12.0258,284.214,97.5085,30.7931,29.99,38.0346,71.9299,76.7613,89.196,29.6495,15.5467,3.1167,1.2373,2.4395,1.4429,6.565,15.5801,2.8451,19.441,14.7988,11.6327,0.2297,0.2639,559.0023,96.2639,93.3045,92.5385,94.4469,94.4368,91.4923,92.196,92.7202,94.5086,100,92.041,94.8508,97.1381,96.7119,91.6456,94.7404,93.4167,90.8749,88.3634,68.9014,69.6787,17.3032,18.56,30.9705,50.1881,42.802,57.5629,19.7253,13.584,4.3713,1.9143,2.5705,1.8635,6.1787,15.2366,3.0129,13.6396,10.0746,8.4981,0.3222,6.1132,394.1702,27.6238,1.33,1.3062,9.4477,16.4696,3.294,13.2582,3.2232,4.5602,2.6045,0.8975,1.2211,1.1177,1.5473,5.5311,0.713,2.6077,1.1517,1.3704,0.0388,0.6862,100,65.3149,14.6944,25.9045,52.6622,48.8255,26.8168,51.5181,13.3265,22.0837,20.896,1.3334,4.5497,5.2539,14.8095,30.4852,6.4494,18.5224,18.1862,12.6697,0.5552,0.55,0.4676,455.8747,19.4281,2.4804,5.1757,4.6531,11.333,5.8891,0.3819,20.2224,9.7926,1.7027,1.22,0.1993,1.8296,0.8753,0.2335,14.4772,0.1062,100,25.0556,49.9531,11.6246,21.5437,34.1197,7.7001,18.6324,25.6552,11.7498,12.3654,2.0745,0.2359,0,220.7098,13.7171,14.1553,3.6312,34.2774,18.548,1.2909,5.2978,0.4182,3.2107,2.8426,1.1728,0.6087,0.8293,100,92.7757,59.3488,15.1852,19.7073,6.4438,20.0909,19.6911,6.2891,11.5328,3.7379,5.3947,0.2967,0,260.494,9.3116,11.7914,78.897,79.2353,94.6311,89.4678,1.0144,9.8505,66.0564,17.8147,15.7911,20.5599,1.8391,2.4865,44.329,4.9904,0.0643,12.7191,1.169,0.9222,24.84,1.4478,5.5529,0.4189,0.8522,0.1241,2.2183,98.6618,69.2735,16.1776,21.0222,41.208,46.1637,42.3021,21.8835,51.8591,32.3,4.9739,1.9985,0.7596,6.7869,5.7307,3.7929,5.6221,0.1136
中国,2100,49.9839,15.4221,9.6537,5.3977,4.2143,6.2226,5.0553,4.0505,2.7401,55.0935,36.8848,2.27,0.6723,1.8001,0.5392,16.53,14.3568,32.7329,10.9429,24.0582,0.3894,28.6463,67.301,4.0527,6.8171,0.2559,0.1054,0.3234,0.0932,0.093,0.1366,0.9242,0.4184,0.2992,0.7211,31.6551,51.6802,8.8843,0.2754,0.3908,0.6072,0.0838,10.0818,0.9968,1.8071,10.7292,17.2532,0.8407,0.5703,42.0005,58.8287,5.8605,25.2887,0.7504,0.1394,0.0809,0.4258,0.4818,0.1382,0.088,0.7641,0.1611,0.0577,3.3863,0.5969,0.4247,0.9746,1.0807,0.1061,0.4204,3.6488,291.7474,51.4129,41.727,5.2886,1.1427,0.3043,0.0696,0.055,100,64.1929,29.31,3.4074,2.4927,0.3586,0.1528,0.0857,100,6.9786,18.0271,6.9713,6.114,3.6764,8.4473,13.031,28.4201,10.4078,5.8334,6.8286,1.1582,8.9923,10.0031,20.5516,10.3387,0.5289,6.1345,0.7215,5.685,0.5319,2.6068,17.4346,199.4224,35.8577,54.0299,41.5843,34.1633,7.0208,14.8208,34.4181,16.4803,0.253,7.7383,1.4036,7.3082,2.2547,5.4131,4.7998,8.8954,0.6404,14.7726,291.8542,94.9688,29.3738,38.4269,37.6289,72.1301,80.9407,91.8246,24.7141,26.848,2.3003,0.55,2.4074,0.4571,3.1455,9.9196,4.3456,25.5615,12.7421,11.183,0.9887,0.3481,570.8047,91.1813,90.2633,89.6195,93.6653,94.7182,92.9208,94.4171,95.1664,96.2764,92.7742,88.5249,94.1493,100,88.4293,89.8376,92.1568,94.3977,92.0051,91.119,95.7313,63.473,16.1547,24.7457,29.6509,52.188,48.9138,61.1791,17.6696,23.2985,4.183,0.8016,2.7374,0.9876,2.9653,11.05,4.966,19.44,10.8075,9.4945,1.1117,6.9493,412.7672,17.8366,0.786,1.4919,6.6126,16.5565,4.5365,18.189,3.4693,9.5056,1.8224,0.282,1.6225,0.4011,0.664,3.7175,1.4377,4.4912,2.8133,2.3769,0.551,0.8364,100,49.2422,15.7603,24.555,49.0606,44.5546,28.0547,46.7745,16.8911,22.8013,21.0492,1.2866,8.1122,4.4477,12.3743,22.9728,13.9275,23.9165,17.5509,13.844,4.2868,1.5278,0.9256,443.9161,16.2951,0.9515,0.6612,3.477,32.0624,7.4611,0.5728,7.2718,6.9988,6.0685,3.0163,0.396,1.1275,0.7589,0.4392,12.4011,0.0407,100,16.4315,47.7444,16.2067,27.1522,32.3454,6.6945,27.6672,14.5186,21.8326,14.4934,1.3465,0.395,0,226.8282,11.5954,19.5514,2.3778,29.3271,18.1447,2.2438,5.8528,0.6237,3.0438,4.6814,0.4793,0.3593,1.7195,100,91.524,53.2099,17.608,7.2324,4.9641,26.1122,22.7285,6.7852,14.3822,6.2757,7.4623,0.209,0,258.4935,27.0617,6.9366,66.0017,61.6503,86.598,74.1808,2.4959,5.2002,65.1915,14.183,15.0707,3.7559,0.9324,1.1503,38.8121,3.3349,0.1717,18.5725,1.2649,0.1593,19.2552,0.8415,2.724,0.3512,0.3894,0.4008,1.3039,99.4275,76.6195,12.8427,4.2151,37.069,81.8984,50.8132,22.1935,38.4939,24.9839,14.7298,6.455,1.9351,8.4127,4.1466,3.6712,5.3956,0.2147
タイ,4608,27.8213,18.1252,11.3139,8.5574,9.133,12.7475,8.0541,4.2476,4.3585,53.661,32.9578,6.3181,0.3699,1.3819,0.9527,16.3693,11.7733,34.2202,11.8243,24.469,0.069,27.4693,67.9089,4.6218,13.7226,0.7018,0.1346,1.1355,0.3741,0.4394,0.9256,1.8432,3.382,0.9108,1.9417,46.0067,49.0103,5.8312,1.1374,0.6353,1.3793,0.2078,10.5785,4.1179,4.9821,3.6318,9.36,0.9933,0.3972,16.6137,28.4072,5.853,5.6949,1.0714,0.0888,0.0476,0.4295,1.1358,0.297,0.2193,0.2358,0.1305,0.088,4.7802,0.4668,0.6406,1.1855,1.6393,0.101,0.1373,1.7774,234.8208,71.4509,25.9934,0.9316,1.6241,0,0,0,100,75.8442,20.4606,2.4501,0.9302,0.1078,0.1394,0.0678,100,19.6018,17.4307,12.4098,11.218,4.8459,14.9157,18.8578,24.4606,18.2301,21.2644,6.8735,5.6733,12.1003,9.0912,19.9477,12.6805,3.6111,7.9069,0.6465,8.2982,0.6984,0.651,7.1218,258.5349,36.7289,60.8621,44.5895,48.09,14.6012,19.4562,35.2826,40.7077,0.4537,6.6904,1.3977,9.1363,9.4074,5.7972,2.7864,7.3359,0.2668,6.6547,350.2449,98.5081,33.035,18.7519,27.411,65.0853,62.6975,86.5771,27.5239,21.3867,9.1008,1.378,4.8214,2.4015,18.3166,22.2081,4.6188,24.1492,22.7735,14.8598,1.7608,0.027,567.3921,96.0071,91.1703,92.483,90.3664,90.7166,91.9318,93.6392,87.7854,90.6951,78.2967,75.6581,73.7206,72.548,86.3977,88.8224,79.8571,93.1779,93.1665,91.8101,46.3708,79.5376,21.7021,16.3164,25.7223,52.2378,44.1459,69.3588,19.9258,20.3915,10.9618,2.5158,4.0071,3.596,14.7762,18.5,5.7775,18.9779,19.2913,10.9504,1.0009,2.4325,462.1253,31.038,0.867,1.2438,4.5543,16.7998,1.6477,13.8522,2.3859,7.6702,2.319,0.3437,1.1582,0.2521,1.8918,5.4108,1.1604,2.8448,2.0511,1.3872,0.2191,0.903,100,71.2489,15.2453,29.0376,42.3393,49.5649,29.0114,59.7593,14.7195,26.8277,24.9297,1.1358,6.8607,6.8101,22.4207,29.0617,7.9002,22.0563,20.7128,10.1269,0.5965,0.5326,0.3359,491.2337,37.7267,1.5515,2.968,4.2446,14.1657,1.0508,0.5356,10.0786,15.2599,1.3489,1.8775,0.0658,1.0248,0.3481,0.3214,7.4321,0,100,39.7554,54.9706,17.0991,27.2314,27.0946,7.7671,16.2189,22.4063,15.059,15.7996,3.5797,0.2439,0,247.2257,21.7816,23.4866,3.248,22.2423,13.243,2.1631,3.4574,0.2486,2.7104,1.9449,0.556,2.0685,2.8496,100,93.466,51.4085,14.7302,16.0303,10.6926,20.2189,20.7746,4.6004,13.2447,10.1112,8.1548,0.2521,0,263.6843,19.792,9.0855,71.1225,66.3827,79.3556,72.6409,3.4763,10.3897,55.5731,20.7616,15.6276,8.5764,0.2273,1.4053,37.6602,3.3172,0.2322,15.4142,0.9091,0.4004,18.9967,2.2376,4.0281,0.6541,0.8715,0.6658,1.4742,97.958,78.4068,15.3481,8.6656,33.2122,43.2689,11.3964,7.1827,39.8222,36.4169,4.4147,3.805,1.0795,3.4984,2.2838,1.7873,5.5532,0.5437
シンガポール,5308,24.5283,19.208,13.2843,7.8125,8.818,10.4356,9.2459,6.6673,3.9106,29.3468,59.4463,6.0613,0.8029,0.3449,0.087,26.2375,18.1126,28.2478,8.6927,18.3376,0,23.4758,73.7273,2.7968,11.0556,0.7442,0.4135,0.7399,0.2085,0.5528,0.1743,0.7279,2.4272,0.9761,0.3856,37.7445,61.2654,6.6151,1.1423,0.8406,1.4286,0.113,4.1727,2.9681,2.6777,2.7714,5.1676,0.1458,0.3622,22.7608,33.1265,5.9619,7.9126,0.681,0.2092,0.0375,0.6933,2.9025,0.0369,0.2198,0.7365,0.423,0.1799,5.1781,0.3327,1.0747,1.8019,1.8052,0.5182,0.9926,4.3494,237.755,63.3715,33.67,2.592,0.3666,0,0,0,100,76.3841,20.95,2.1249,0.3859,0.1552,0,0,100,13.2993,8.3873,16.5121,11.5737,7.5726,9.0992,36.403,20.0361,17.0976,19.6939,8.0402,2.3012,3.8917,8.1308,16.2821,10.9386,0.2728,6.9642,0.7083,4.6379,0,3.5255,8.2585,233.6267,29.8832,58.8884,32.1885,32.5777,17.4488,9.1361,21.0767,34.1295,0.5728,5.9646,2.6042,17.1686,5.4365,3.52,2.783,4.8163,1.9855,6.4649,286.6453,97.159,50.9442,28.5757,25.8344,67.2482,73.4036,81.1252,35.6142,15.2782,3.8494,2.3618,2.6722,4.9075,9.1893,15.1962,2.9303,37.072,18.81,9.2786,0.6325,0,582.0825,98.5077,95.9592,97.6532,94.9764,96.7293,95.3336,95.2739,95.9476,98.9575,100,100,100,81.6286,90.1283,94.4785,95.8053,97.429,95.4216,96.2315,100,76.6063,37.2273,24.5812,24.4902,54.3547,51.0745,57.9783,27.7077,14.5611,6.1873,3.5861,1.6125,5.6183,9.1585,14.1452,3.0589,31.5941,13.6953,5.9881,0.5411,7.6924,471.4591,40.3364,1.1019,1.3579,6.8827,14.4895,1.2864,6.2275,1.7577,5.5709,2.5342,0.6755,0.1506,2.5373,1.178,4.7069,0,3.1084,2.7258,1.108,0,2.2647,100,58.3518,18.8742,24.3041,51.8912,49.8648,34.0984,47.6659,13.3397,17.5016,29.5355,2.4188,15.149,7.5278,26.1651,38.1274,5.796,23.0997,15.7838,6.4148,1.7683,3.0083,0.6672,491.3535,35.8993,2.9303,0.9423,5.1114,9.5276,1.0557,0.4388,13.5099,12.9023,1.2889,1.2664,0.3572,1.7323,0.3607,0,12.4741,0.2028,100,34.9413,47.2555,18.3119,23.957,27.5751,10.8599,14.476,26.2866,15.5251,20.5031,2.5909,0.5103,0,242.7925,16.4989,26.777,4.1708,21.2997,13.8488,3.1839,5.5357,0.344,3.6115,2.1662,0.245,1.4929,0.8256,100,94.3412,47.292,18.8346,19.8966,6.9537,23.7346,17.8033,8.55,13.9152,3.5609,11.9466,0.7043,0,267.5329,4.4568,3.3274,92.2158,89.0172,94.3599,90.8284,3.2014,15.0501,69.362,21.0677,22.3656,12.6978,0.3375,0.2496,38.8853,4.1448,0,13.9253,0.565,1.5944,23.1865,1.4185,5.6857,0.7802,0.8722,0.388,0.7889,96.2624,69.8062,12.092,6.3549,36.8362,29.2784,11.3614,11.1964,37.3072,23.3661,3.1463,2.45,2.5211,7.5787,3.2203,1.5294,6.847,3.4199
マレーシア,5320,40.2314,20.8212,10.6346,7.5055,4.0909,5.7514,6.1563,4.8085,3.5006,38.0468,49.758,4.8642,0.4567,2.5788,0.7949,19.657,14.6972,30.0216,13.5357,19.4316,0.3859,28.4626,67.1577,4.3797,14.9929,0.3344,0.0536,0.2306,0.164,0.2157,0.1489,1.2409,1.5606,0.8718,1.616,34.6924,48.6114,6.7348,1.581,1.2041,1.7597,0.151,9.4717,2.4861,3.4273,3.1648,3.5022,0.5384,1.5281,27.8764,39.7522,8.1219,11.8192,0.4927,0.4574,0.147,0.6968,2.1421,0.1263,0.1528,0.4877,0.475,0.2355,8.2765,0.2036,0.8065,2.2514,1.7329,0.5922,0.4378,0.0571,247.6231,55.2644,41.2924,2.3401,0.7622,0.1908,0.0581,0.0919,100,60.7071,34.8206,2.8683,0.8695,0.3491,0.2437,0.1417,100,13.3241,13.8302,19.449,12.6261,4.6109,8.3836,22.1904,24.728,22.6952,23.5984,14.4432,2.7634,8.283,10.4527,23.2399,13.2623,4.0931,5.6417,0.4502,6.3519,0.2618,1.2157,11.836,267.7307,35.962,57.0392,40.2386,35.3712,6.0699,17.4544,27.2569,38.6587,11.0027,4.475,0.8541,5.6734,5.2569,5.3011,3.993,5.796,1.4869,10.9269,312.8169,94.5999,29.6574,21.5117,27.0069,70.6676,71.4585,84.7174,29.1965,26.6919,5.3318,1.0814,5.0446,2.2411,9.7588,21.0412,4.0337,39.2127,24.9268,9.9601,0.4906,0.6085,579.239,94.3958,87.7836,90.044,97.2735,93.6444,92.9563,93.6613,95.5546,96.0844,96.5497,94.0501,82.1999,53.0527,96.9399,92.3947,97.1295,95.1492,94.871,98.4246,91.6165,69.0308,16.5125,18.7764,24.7027,51.5854,42.7037,58.2688,20.4271,26.2833,9.9944,1.1668,3.3934,2.6922,9.7169,21.0061,4.5536,29.572,20.3871,7.4055,0.747,8.868,447.7936,22.2886,1.0343,2.5846,3.4844,17.5327,1.1446,13.2308,1.1838,9.2065,7.0034,0.3163,1.0733,0.6447,1.351,8.0523,0.5672,4.3019,2.9287,1.1302,0.2605,0.6804,100,62.1895,16.2211,28.332,41.9654,48.7667,29.575,49.7852,14.8976,33.8588,32.2734,1.5986,7.9864,6.5952,20.4007,32.9696,8.8569,26.5991,18.6914,9.274,0.2118,0.3581,0.7865,492.1928,31.7256,1.657,0.5784,4.6262,8.5782,2.5529,0.4609,11.4173,15.0927,2.1771,6.6344,0,2.0172,0.7989,0.3902,11.2931,0,100,29.6406,45.8112,14.7386,25.1075,38.0048,10.7686,11.7361,27.3111,16.0271,15.4915,3.6342,0.7286,0,239.0001,12.1794,26.9787,6.2342,17.476,12.2328,2.7113,9.1454,0.808,3.6203,2.6093,0.8788,1.5388,3.587,100,89.8823,40.147,18.1039,15.3511,5.9061,25.4114,13.5671,6.3934,15.2995,8.0662,7.5813,2.3715,0,248.0808,14.5505,3.487,81.9625,76.5021,87.6954,82.9846,1.8147,12.4909,69.021,28.5518,17.6771,5.6597,0.3395,1.531,41.0721,4.814,0.2255,18.6904,1.0001,1.0667,18.5575,2.2854,4.5196,0.7644,0.5904,1.2239,0.8709,96.7759,56.6909,9.5715,4.471,42.1082,28.3449,15.5349,9.6202,38.1696,27.2759,4.4349,7.9518,1.1075,8.5684,4.0654,1.2838,8.6711,0.2842
インドネシア,5775,50.1702,16.7142,11.6549,4.6908,4.2234,4.6731,5.3104,2.563,3.0055,32.9812,52.2021,6.4507,0.9335,2.649,1.778,21.4845,11.7351,33.6234,12.9112,18.7447,0,46.3884,48.4868,5.1248,3.9112,0.4444,0.0761,0.7272,0.1496,0.1736,0.2503,1.5691,1.6554,0.2816,1.5709,42.1873,81.3205,9.2424,1.0135,2.214,4.0925,0.299,9.0165,3.5157,5.8291,6.8771,6.8038,1.1323,0.78,33.5499,45.1411,4.5841,4.6684,0.7637,0.112,0.0591,0.3909,2.321,0.1319,0.0794,0.3404,0.5819,0.1774,2.2029,0.0681,0.095,0.425,0.1529,0.0591,0.0859,0.0648,281.1882,74.8025,23.0646,1.5876,0.2349,0.1148,0.1956,0,100,75.8794,19.7515,3.5462,0.7748,0.0481,0,0,100,20.643,17.1991,15.276,12.7289,5.1407,10.6172,31.1306,23.2928,24.2716,30.4582,4.9267,4.5682,7.9346,14.0591,27.3637,23.1399,3.3623,7.583,1.2144,4.6652,0.6211,2.0854,8.4335,300.7152,32.1357,60.2065,37.8209,33.8664,6.7445,14.758,28.9985,40.1366,10.5773,11.1716,1.7019,8.3404,8.9871,5.2855,5.7985,6.2759,0.597,9.3636,322.766,96.0079,25.7205,17.3564,16.2086,69.9566,82.6525,86.412,37.1583,33.7334,3.5455,0.3756,6.4704,1.369,15.0976,26.8807,4.0119,47.1243,39.8306,20.6327,0.5716,0.1185,631.2345,97.9513,96.5277,97.2382,98.9592,98.6125,98.0938,97.5428,97.2016,99.454,98.719,63.984,97.4477,90.1193,96.4218,97.6462,97.8568,98.8773,98.5043,95.0107,52.6674,73.3363,12.574,15.3824,15.9748,51.218,48.8939,58.3432,25.9663,27.049,8.2829,1.2236,5.9883,2.2256,12.7934,22.3044,2.7365,30.5704,21.5863,9.8067,1.5798,2.6744,450.5103,24.8304,0.1173,1.7729,1.1492,15.8442,3.3606,12.5245,1.9372,8.5318,3.2734,0.0467,0.7149,0.4313,2.7755,8.0324,0.2562,8.3011,3.3916,0.8987,0,1.8103,100,54.7183,11.5782,28.6754,32.3345,52.5205,33.0232,42.865,17.8637,32.9587,29.5787,1.2687,10.4493,6.6426,22.9969,45.6579,5.6081,29.7525,25.115,12.6782,1.0706,0.5454,0.4148,498.3162,24.6508,1.3362,0.3435,3.9963,9.2018,0.9984,0.0881,18.3575,20.37,2.2103,2.6113,0,2.9584,0,0.2215,12.6558,0,100,25.9801,61.7347,12.483,23.4169,32.7528,10.197,13.0478,38.5233,23.817,20.7066,1.8879,0.7434,0,265.2905,16.2902,30.5931,5.7211,20.5347,6.7986,3.2873,6.7257,0.4701,3.2166,2.4161,0.437,0.993,2.5167,100,95.8966,51.9893,24.2514,18.848,6.5153,33.2216,16.2539,7.5716,30.0186,11.9737,5.8426,2.7724,0,305.1551,7.6214,6.9755,85.4032,76.3167,87.5454,84.0589,2.4518,22.8037,71.1819,24.2331,22.3994,1.6353,0.6072,0.0963,42.086,3.2916,0,23.9493,0.8556,0.2492,20.609,1.3659,2.6636,0.4175,0.4061,0.6627,0.9127,97.4421,63.5324,6.9866,3.6468,38.9353,28.2908,9.2516,5.1432,47.4372,37.3719,6.1225,6.3272,0.4828,9.5245,3.6937,1.7415,7.3357,1.2339
フィリピン,2995,37.9835,20.8996,13.2681,7.0328,5.1989,7.6561,4.3511,3.6099,5.5471,39.6405,28.7905,7.4158,1.6849,12.1932,4.728,29.4246,12.0685,37.3081,10.1828,10.3181,1.405,26.1704,69.6285,4.2012,3.5978,0.1999,0.144,0.2413,0.0831,0.5124,0.678,1.4984,1.5721,1.1328,2.5303,45.4932,51.2444,9.107,0.9219,0.2968,0.6617,0.531,4.2918,1.9129,2.2294,4.1088,9.1475,0.9777,0.4009,20.9407,37.5925,5.6804,8.0607,0.4834,0.1971,0.1322,0.535,2.0688,0.4195,0.1782,0.0611,0.3729,0.2744,6.2041,0.0494,1.026,0.4353,0.5718,0,0.2019,0.4004,229.4008,82.6687,16.2109,0.4309,0.4536,0.1163,0.1196,0,100,80.0108,17.7347,1.6808,0.4416,0.0797,0.0524,0,100,8.6428,13.4719,16.8448,10.6953,1.7534,8.701,20.5906,32.9707,21.2861,25.9842,5.5038,0.4834,6.3539,10.3065,29.9653,32.388,1.103,7.6073,0.9368,3.5427,0.3775,0.8995,7.425,267.8333,31.0284,62.7414,42.5571,35.2609,4.8542,15.2218,35.7441,54.1106,0.7411,13.6479,2.1687,5.1736,6.5273,5.9192,5.5927,14.9624,2.4925,9.9755,348.7195,98.5854,36.9998,8.885,16.3079,58.4946,77.2738,83.4161,26.2488,49.1406,3.5407,0.5707,2.5221,1.6503,7.6199,21.3659,5.2751,33.5852,36.4638,13.9542,1.181,0.225,583.3057,99.0702,97.9223,94.6574,94.8698,98.5832,98.2724,98.474,98.0141,99.2328,100,100,100,100,93.8035,97.871,97.0567,98.595,98.0346,97.3372,100,85.0991,24.5764,12.5171,17.8956,47.2376,58.9017,66.2366,20.4938,44.3303,9.9218,2.3007,6.7255,4.0048,8.796,21.4801,6.8677,27.3385,29.8497,11.7184,1.16,4.0423,511.4937,28.9952,0.4419,1.1886,5.1978,8.6768,2.3217,11.1268,0.8636,18.674,2.4636,0.0579,0.6974,0.1095,1.5911,3.5591,0.2013,4.5072,7.5141,0.7578,0.0671,0.9873,100,73.9663,20.8013,32.8893,45.0962,47.9217,35.1001,55.717,22.6312,40.5859,27.4343,1.0831,9.9063,10.0204,20.9519,45.7076,14.2723,26.4995,23.2282,8.5735,0.948,0.5031,0.2459,564.0831,32.7935,1.0569,0.3311,5.3477,6.396,0.1808,0,12.3525,21.6085,2.9064,3.6193,0.2835,1.1923,0,0,11.9315,0,100,33.815,58.875,11.8349,21.5685,27.5737,7.0547,17.095,34.8293,18.8086,18.5042,4.9402,0.3197,0,255.2186,11.9154,40.5218,2.6172,23.4358,4.3996,4.9561,5.4593,0.0381,2.9069,1.5828,0,0.5847,1.5823,100,97.3861,43.311,19.6663,18.2863,6.3569,29.6288,19.9593,8.7893,24.5073,7.9299,6.6859,0.1605,0,282.6676,6.0973,3.8694,90.0333,63.1729,84.4222,77.2394,1.4157,6.6849,66.5258,27.0425,20.5741,1.7686,0.3459,0.5826,47.3335,6.3767,0.211,28.3974,0.7955,0.2924,20.6278,0.999,2.8212,0.5297,0.2775,0.7406,0.9242,94.8733,65.3612,9.0116,4.3741,39.7719,26.411,5.5248,6.5955,43.8301,34.7722,5.6236,7.6645,2.3006,4.9938,2.3848,2.4707,7.0925,0.8521
ベトナム,3674,59.9365,14.9101,7.1065,4.9003,2.9514,3.3041,3.8694,3.0219,5.9581,41.9207,23.9788,6.3332,2.0051,8.3482,11.4559,35.6952,6.8129,20.5958,20.0123,15.4286,0.4824,47.5749,43.5584,8.8667,1.1833,0.1364,0.0519,0.557,0.1007,0,0.5436,2.2362,1.1692,0.5318,3.7101,49.0658,62.8077,9.2381,0.6675,0.2878,0.3333,0.2617,9.2778,1.3352,2.6698,6.6426,17.4863,0.7788,0.5073,27.7036,43.7064,9.196,6.992,0.4993,0.4987,0.1129,1.538,1.8785,0.0741,0,0.0992,0.0491,0.0409,5.3529,0.4269,0.4482,1.0478,0.2613,0.0772,0.1501,0,271.7331,66.5842,27.8266,3.9939,1.237,0.1848,0.1735,0,100,67.5055,28.2506,2.6816,1.0417,0.2595,0.1685,0.0927,100,8.5465,22.8768,13.7128,6.6456,2.2606,4.559,8.5388,29.5188,7.4974,11.4985,2.1892,1.2487,12.3856,17.0834,20.3869,25.8142,2.9223,14.8134,2.7727,3.1912,0.3926,3.6856,11.6596,234.1999,20.1207,55.17,39.0669,25.2879,2.8504,12.4516,31.8519,30.9309,0.3237,8.2766,4.4733,11.6604,5.9317,7.5728,2.4165,8.5531,0.4219,16.5535,283.9136,97.3322,34.7705,23.4733,19.988,53.3732,66.6983,82.844,28.9389,21.7372,2.6041,0.6699,2.8463,1.809,7.093,15.8982,5.3725,32.0529,25.4267,8.8891,2.0839,0.4002,534.3016,92.4314,92.1923,93.9692,95.2572,95.6133,95.6259,95.6753,96.1896,95.3701,94.0585,100,63.4376,93.87,86.2474,94.9357,92.3474,94.7505,95.7976,92.9718,84.2213,79.3047,21.248,20.2526,17.1823,42.9263,47.0463,60.4373,21.7603,18.3138,4.2618,0.6566,2.2308,2.4287,5.7314,16.2756,4.623,24.9164,18.8478,5.7709,1.5275,5.2448,420.987,31.2889,1.0637,1.7816,3.604,14.4055,3.8472,10.3167,2.0933,9.8261,1.1411,0.136,0.0444,0.4393,2.1545,6.1577,0.4382,3.4614,3.977,0.094,0.3262,3.4032,100,57.0863,23.101,20.6491,33.6912,50.6934,31.4667,51.1733,14.5346,18.7657,14.1716,1.2087,5.2926,5.1774,16.3411,39.6629,13.5866,28.3247,17.6853,13.0151,2.4793,0.8343,2.1504,461.0911,29.1853,2.6502,1.9608,5.0422,13.4894,4.6385,0.1405,18.9476,6.5706,6.5168,4.2307,0,0.7617,1.1524,0,4.5729,0.1405,100,31.1562,61.9366,10.8487,18.0206,29.8043,8.9926,15.4026,23.7187,13.0501,13.2026,4.5547,0,0,230.6877,25.555,19.3515,4.2863,18.9847,13.5123,1.6533,5.3809,0,2.0361,2.0077,0.6707,2.1968,4.3646,100,91.2164,51.2877,13.7241,11.8125,2.8527,28.2155,16.4813,14.5255,13.6069,17.8618,6.9772,0,0,268.5616,26.4775,3.1294,70.3931,49.5495,65.6927,60.8441,1.234,7.4251,51.1084,20.3638,13.5613,0.3275,0.1811,0.4938,22.553,1.528,0.1582,6.4165,0.3012,0.0784,13.2489,0.8084,3.0232,1.0153,0.3444,0.0784,1.3278,96.3502,74.1486,13.9162,10.8553,28.8969,41.6704,25.0707,18.4028,47.2937,21.2328,9.8887,8.3812,1.2778,4.8563,3.597,1.1324,4.9137,0.3693
インド,5852,53.8877,14.5546,8.0816,5.5436,3.7193,6.1591,4.6845,3.3696,7.0988,31.5802,37.0861,8.4395,3.5439,9.4104,2.841,55.3447,7.5113,12.0149,17.9133,6.1911,0.3169,51.21,40.9677,7.8223,2.6908,0,0.3229,0.4299,0.0711,0,0.454,2.6138,2.5488,1.1367,1.762,75.6612,73.0878,19.1533,0.6815,0,0.1729,0.1852,5.7352,0.4906,0.4867,4.5438,3.0489,0.8047,1.0741,17.055,23.198,6.2325,3.9701,0.5636,0,0.2368,0.4372,6.117,0,0.15,0.7858,1.2945,0,0.6321,0,0.2689,0.0711,0,0,0,0.5887,258.7574,74.8413,22.8098,1.3965,0.6963,0.1543,0.1018,0,100,71.9456,23.6127,2.557,1.4951,0.3054,0,0.0842,100,10.9525,10.8125,13.9185,12.7966,3.1558,7.5738,19.957,10.3434,8.971,13.6257,7.3246,0.6239,5.0785,7.5297,21.7015,27.3856,0.4059,2.2845,1.2753,3.1647,0.2246,5.264,16.4057,210.7753,31.5292,66.1694,38.8215,27.5773,2.527,9.886,21.6021,51.3659,0.4802,16.6278,2.8476,5.3206,4.3498,6.3909,2.7251,11.1701,1.6366,8.4176,309.4446,77.172,40.1991,10.5599,12.5167,45.1717,56.2178,67.1085,27.7318,13.9912,1.0604,2.0158,2.6904,2.1714,8.7355,12.4636,4.573,34.2387,31.6757,8.555,1.2139,3.1205,463.1827,94.1842,94.6467,86.594,99.1802,97.0986,95.7673,94.1766,95.7241,95.8739,90.3236,100,95.36,100,98.8254,98.9984,100,98.5228,98.2476,97.6295,73.0105,54.5875,23.4246,11.3977,16.8326,36.3838,34.7844,39.4888,20.4973,14.1984,3.5259,3.5202,3.0064,4.9506,10.0079,15.6746,5.5236,25.7016,20.6267,7.0142,0.2052,16.813,368.165,26.0107,2.4024,0.7469,5.7952,16.1246,2.8282,7.3135,3.1637,5.8783,1.0751,0.3642,0.3739,1.0448,1.4847,5.1934,1.6851,6.0918,5.9485,1.7382,0,4.7369,100,42.4248,20.5522,26.5662,37.3618,49.8749,25.1248,39.6826,21.8088,26.8786,14.5218,1.8547,8.5417,12.6421,27.0098,32.0176,9.2844,36.2042,24.8421,10.2862,1.038,1.6821,1.4684,471.6675,36.5604,5.0673,0.5838,3.9471,1.634,0,0,13.6966,4.199,9.5393,4.4492,0,4.3178,0,0,16.0056,0,100,34.07,52.4743,10.3154,11.594,35.3594,15.4223,3.0161,20.5775,12.5764,25.9915,0.5929,0.9785,0,222.9682,20.9048,18.5064,2.8298,7.6919,5.172,3.7728,6.2872,9.1293,9.2962,2.6515,1.0829,9.3806,3.2946,100,83.6257,42.653,18.8998,11.5462,3.8232,28.7888,12.9461,5.1856,14.6306,12.0402,6.7834,4.2386,0,245.1611,5.4627,3.3868,91.1505,75.5313,85.9589,84.2066,1.7889,10.4258,70.6281,28.6754,34.6186,1.6873,0.3147,0.0842,29.4012,3.9011,0.1018,9.9853,0.6019,0.6947,18.3963,0.6567,1.9453,0.8096,1.1865,0.3786,1.1221,88.4108,54.4338,20.8957,3.3346,26.2931,13.931,1.5755,1.8046,30.2723,16.5162,9.6806,4.3847,1.3836,9.0006,2.4142,1.3229,9.9493,0.3054
英国,9582,58.2325,13.1836,7.9426,4.2584,3.2041,2.9889,5.5149,4.6751,4.5817,23.5697,37.7167,24.0664,5.477,3.8465,0.7421,48.4186,23.7129,12.1097,6.274,8.7018,1.5248,28.6977,68.1123,3.19,5.1251,0.373,0.5009,0.8633,0.4149,0.5877,0.6569,1.1246,1.8817,0.8318,1.5667,52.4218,85.7548,20.9877,2.0042,0.2173,4.7468,0.1295,4.1109,5.4311,4.1999,5.0304,3.6668,0.7054,0.1323,34.104,32.7923,6.6329,6.658,4.0055,0.9068,1.1021,1.6574,14.2654,0.3514,0.4061,0.828,0.6025,0.8501,4.6819,0.0751,1.2384,0.676,2.8809,0.3536,1.3301,1.3376,321.2013,87.1437,11.9594,0.3187,0.4309,0.1473,0,0,100,78.8385,15.9597,3.2856,1.1479,0.2291,0.3919,0.1473,100,16.0542,11.1055,27.0392,18.6774,7.6431,11.2557,39.4987,18.0432,18.1509,19.3339,8.218,3.0423,6.906,19.6932,25.5942,26.3551,0.1729,6.9878,1.7414,7.3816,0.6679,1.5583,10.8245,305.945,30.2702,68.9324,45.1618,29.7959,9.6051,7.6238,12.7077,47.2663,0.2849,22.8482,4.4377,10.703,7.084,8.4304,3.3726,9.7004,3.859,7.0862,329.1695,98.5488,73.8424,25.8783,24.8578,65.7639,72.3817,64.183,52.0561,8.4275,2.6549,2.2356,8.584,24.0697,9.7131,21.6119,9.2079,62.4799,47.0011,21.9047,0.974,0,696.376,98.9782,98.5874,98.2386,100,99.2243,98.5321,98.5709,99.2333,98.4174,100,100,100,96.4916,100,100,100,99.2108,99.5984,99.3911,86.4154,77.5413,44.8739,22.1901,26.5446,47.6273,37.8675,34.0621,33.7901,4.8834,4.9726,2.6103,7.3467,25.0486,9.5964,19.5301,5.1354,48.7649,32.1898,14.0417,0.5414,3.5621,502.7205,31.6196,1.6661,1.6146,4.0861,6.1416,0.9167,1.5696,5.3657,0.6822,2.0129,0.8367,1.103,13.8441,0.6313,4.9436,0.1223,12.1876,7.3508,1.8049,0,1.5004,100,70.3873,42.8563,40.1357,46.4055,56.9243,25.0297,34.1532,34.3784,13.7853,16.5002,2.8917,16.8564,24.2079,28.1941,47.4618,12.8755,53.0753,45.4572,19.9458,0.3837,0.5962,0.9883,633.4901,15.9539,9.0309,0,6.6213,2.8641,0,0,17.9289,4.0534,1.4421,0.9002,0.2559,11.8522,1.5065,0.8065,26.1338,0.6501,100,21.4513,44.6892,21.4818,15.5877,35.5867,28.5209,8.8313,31.996,12.6437,21.6748,3.1579,1.022,0,246.6433,20.3871,17.5938,4.9972,19.9179,6.5649,10.6672,8.2754,0.9113,5.2255,1.9142,0,2.0041,1.5412,100,94.6307,48.7672,27.5895,19.5376,6.1184,41.9094,15.4806,11.586,22.7258,11.2868,12.72,1.9377,0,314.2896,4.8279,7.7691,87.403,80.2758,93.6867,90.7098,2.9822,23.7603,72.6477,24.6968,40.0166,3.13,1.4804,0.39,57.5433,6.2862,0.092,7.442,2.2854,17.3777,35.1178,1.3389,6.459,0.8479,0.2301,1.0279,1.8182,86.8079,40.8416,32.1809,4.2556,26.0332,6.9082,2.0983,4.2232,30.8252,7.2962,4.4971,0.8346,2.1969,25.8228,4.8256,3.5057,9.4998,0.2676
ドイツ,8938,52.6008,12.8159,8.9638,4.2271,3.3887,6.1781,7.2694,4.5562,4.0427,21.7527,35.2729,24.8363,7.9211,4.945,1.2293,50.0309,16.8109,10.8592,10.3672,11.1413,0.3645,27.2186,67.6246,5.1568,4.0627,1.2423,0.1714,1.314,0.3393,0.7311,1.0177,1.7221,3.62,0.8023,1.9771,43.8609,82.1834,17.2376,0.7472,0.9595,4.1766,0.2526,5.0121,4.7691,5.1201,3.5203,9.2065,2.1024,1.0819,36.3714,36.1188,8.9431,6.9775,3.2321,0.5537,0.1729,2.154,14.6343,0.3441,0.9543,1.3609,1.2469,0.4346,4.0321,0.1729,1.5186,1.5366,1.3756,0.7254,1.0022,2.7169,323.809,71.7192,26.3942,0.9746,0.7394,0.0852,0,0.0874,100,62.3661,29.7192,5.0981,1.9557,0.4418,0.4191,0,100,10.2451,8.1504,15.7936,13.7499,6.5905,10.266,24.8362,15.6786,23.1822,27.5814,8.4687,2.5454,3.5299,24.496,28.6122,26.9058,0.9684,6.4066,2.5036,6.2036,0.5374,4.1614,10.0843,281.497,17.2489,61.6346,35.9263,25.3388,7.5989,6.4123,12.8419,48.4314,0.3273,25.6209,3.6166,9.6088,5.7374,3.3607,2.0897,9.9328,2.4688,9.1812,287.3774,98.0856,65.4698,21.7127,26.76,54.0382,56.4013,51.3827,40.5591,7.9799,1.8785,2.4531,7.0917,5.139,15.745,14.9877,7.8464,52.7268,50.6057,19.55,1.2584,0.5959,602.2675,97.0257,94.4083,97.5412,93.8701,99.3998,94.2686,92.7052,97.9273,92.3179,100,94.179,82.3248,68.7963,96.7893,96.8337,99.549,99.0942,95.3077,97.3633,69.071,83.9614,41.5962,18.5561,24.5535,41.358,32.9836,33.5549,31.6719,6.2982,2.5686,2.6998,5.9564,5.258,14.319,16.4233,6.2527,43.754,36.9062,12.2457,0.6075,6.702,468.2271,48.309,1.9314,1.1994,4.8466,10.6467,2.2639,0.9533,4.0209,1.6761,0.712,0.3187,0.8737,1.5449,0.6443,4.4612,0.3304,7.6681,5.3919,0.7012,0.1169,1.3893,100,70.1209,30.1033,28.6842,46.5488,51.5753,22.8705,24.1711,26.6452,7.7604,9.3542,4.6972,12.6443,9.9298,27.509,30.4133,7.5083,45.036,35.4571,13.0574,0.5002,1.9139,1.3886,507.889,18.686,6.8208,0.309,12.1672,1.1315,0,0,17.8141,3.5298,1.4309,0.983,0,10.7433,1.9566,1.2255,22.4692,0.733,100,28.3534,30.5109,23.3864,11.5019,37.8926,26.6187,7.5134,21.1643,8.1247,16.063,3.6643,1.0208,0,215.8144,22.8005,18.7864,5.4311,16.5519,8.0745,10.6449,7.0887,1.037,4.8596,1.4076,0,1.4382,1.8795,100,91.1422,40.9364,27.3264,14.1978,5.7665,40.3554,20.5788,11.2039,12.2088,9.2788,10.3714,1.1442,0,284.5105,3.3186,3.2952,93.3863,85.3723,92.1776,91.7093,3.9565,26.3725,71.5699,28.0668,28.5295,2.3756,1.6749,0.9351,51.394,6.1935,0.2581,6.8429,3.0528,1.3481,38.9347,0.6314,9.0351,1.7726,1.0437,0.7201,2.1509,84.3653,41.2698,25.1718,5.4499,36.0762,6.6842,2.402,3.0651,27.7934,7.7311,5.5015,1.2508,1.2183,20.9878,8.4488,2.6556,9.6009,0.359
フランス,9735,57.4203,12.1362,7.6265,4.5422,5.0486,5.3084,4.6634,3.2544,2.7095,13.8171,34.1841,30.4113,7.7658,9.1854,1.9269,41.8412,21.205,18.4068,4.4078,11.773,0.3366,22.8145,70.7234,6.462,3.451,0.7219,0.6163,1.1364,0.3078,0.552,0.1631,1.0272,4.3906,0.9479,0.9426,49.1512,87.6923,17.2397,0.8509,0.2717,5.1361,0.1194,5.6725,3.4631,5.8993,4.6239,5.0754,0.5953,0.4654,45.2453,40.7588,7.8477,11.8622,3.5847,0.837,0.7173,1.4834,14.1126,0.1972,0.9837,1.7084,0.6658,0.4547,3.5668,0.0905,1.0205,0.8955,1.2778,0.1329,1.2336,2.4018,341.5911,78.0762,20.548,0.7435,0.6323,0,0,0,100,63.6361,28.0244,4.8351,2.7212,0.462,0.1704,0.1508,100,17.7093,13.1083,12.7066,9.0864,8.6899,7.9905,26.6018,16.565,25.1294,21.4484,8.7017,3.0492,3.8584,25.1674,27.0673,22.1929,0.3645,7.7376,1.7424,8.8034,4.3876,0.533,5.5297,278.1706,21.4293,63.5863,32.824,21.9888,8.4985,12.7171,12.3167,46.1776,0.5183,24.9093,1.6639,7.8396,5.5035,4.6937,4.8243,9.4977,1.1021,7.8153,287.906,94.4765,51.9545,28.3093,31.4951,58.5048,61.1094,66.0832,45.3159,10.7033,0.4431,3.1521,6.4808,9.6268,8.3605,22.3898,6.0607,59.1213,52.3261,26.0247,0.5627,0.3376,642.8382,98.5577,98.9594,97.7831,98.5347,97.6067,96.2577,96.1798,94.9273,95.2141,100,100,100,77.3241,97.2864,95.8474,100,98.4117,97.6548,98.7943,100,82.9966,40.1841,25.4928,30.2555,50.1086,44.6276,47.503,34.4786,7.2701,1.1236,2.3549,7.9921,9.1783,7.8957,20.0939,5.1884,50.9001,45.2356,21.0634,0.1569,3.8597,537.9597,36.4634,0.7998,4.4155,3.4532,11.6946,2.5204,2.1073,5.1864,0.7391,0.4609,0,1.1739,3.1533,1.1399,7.4934,0.3896,9.0216,5.5045,1.9229,0.1632,2.1969,100,61.0864,24.6898,36.3618,46.0773,55.561,22.9422,27.8709,34.5622,11.7005,8.056,5.9541,16.2187,10.0399,26.4283,41.0358,11.3519,45.697,36.0791,15.0279,0.1569,2.7628,0.7878,540.4482,10.819,7.3172,0,9.7433,1.2886,0.1117,0.3504,21.9107,3.7064,1.8313,0.5416,0,13.8296,2.7235,1.5941,23.9887,0.2439,100,16.8675,38.4133,25.2157,17.7758,40.911,30.3644,8.1672,28.9225,12.0034,15.8513,2.8837,0.8954,0,238.2712,23.6067,17.7261,5.6337,17.1801,7.6007,8.2494,8.236,0.5572,4.8683,1.7818,0.0966,1.7741,2.6894,100,90.9771,35.7982,22.0969,24.0261,7.5064,38.3364,17.0871,10.3355,16.0525,8.1348,12.6886,0.7531,0,283.7927,5.092,5.5033,89.4046,82.3046,95.0838,92.6345,3.6432,33.5048,71.4838,29.3123,27.4665,4.3624,1.8802,0.3162,59.6272,5.278,0.6342,7.6896,3.4713,3.613,46.3003,0.2731,8.7592,2.9751,2.3112,0.6423,4.8937,94.4391,47.4658,28.1196,8.2665,35.7937,8.1272,3.075,3.6962,40.883,10.7708,7.278,0.8291,2.336,35.5287,13.4456,5.7456,11.6653,0
イタリア,9877,64.3047,13.0864,6.8456,2.9068,3.2575,3.8576,2.072,3.6694,3.3384,18.4728,44.1955,23.3774,5.2794,4.703,0.6336,38.9172,29.7656,11.7159,8.2236,10.6198,0.6457,36.9935,57.4253,5.5812,1.982,0.1347,0.1364,0.7407,0.0896,0.094,0.302,0.5701,3.2576,0.9884,1.1897,62.6055,86.2853,16.7584,0.6303,0.3611,13.881,0.3673,4.2503,4.577,11.9687,4.4856,4.0256,0.8855,0.783,50.677,40.0845,6.0466,14.0057,2.7766,0.1204,0.2895,1.3471,17.1402,0.3104,0.5372,0.8554,0.8277,0.1895,1.9847,0.1538,0.4453,0.1555,0.5264,0.2103,0.084,1.6518,361.7695,80.7556,18.6695,0.5749,0,0,0,0,100,68.999,24.3038,4.9883,1.7089,0,0,0,100,20.5174,13.766,14.7653,8.7935,7.641,10.9044,23.6278,15.0234,23.1008,22.5677,5.8324,2.8909,4.3947,27.6381,29.5862,21.453,2.8951,6.1153,2.4097,11.1839,0.5927,3.3174,6.8244,285.8412,29.0737,72.7762,49.9776,28.1041,8.4649,9.9965,16.3426,40.2255,1.5782,16.9271,0.6599,5.4772,6.4366,7.4203,3.6984,12.1369,1.066,6.834,317.1956,99.1573,64.9723,30.6606,26.9979,57.6959,69.194,66.452,42.6858,11.5911,1.1082,1.7993,8.9073,5.3317,8.3459,23.5307,7.1167,56.9999,53.0414,22.6901,1.2686,0,659.5467,98.3893,90.9478,99.0074,97.8555,98.9517,96.6678,96.1318,95.4714,97.6308,100,48.4193,96.3705,88.5834,96.3533,93.4581,91.8648,97.9376,98.8524,98.9266,100,84.8729,41.0605,22.2711,25.5699,44.7909,48.5608,44.276,30.677,9.5252,2.7759,2.0118,8.4785,5.3857,9.851,24.9392,6.1234,42.9538,36.9999,18.3362,0.6656,5.9317,516.0571,39.5461,3.0355,1.3376,2.6984,4.7307,3.7102,1.848,4.125,1.2691,0.9736,0,1.3303,1.4438,1.5919,3.5454,0.3235,12.6474,6.6756,0.5825,0.3841,8.2014,100,63.8723,33.9225,34.5752,52.62,50.6195,25.5556,25.8286,28.0804,15.0854,9.4939,3.5569,18.6396,15.1681,27.3355,45.5568,7.2616,47.1518,41.311,18.4957,0.3613,0.8737,0.7168,566.0823,13.4856,6.6623,0,4.7268,1.9512,0,0.3161,21.519,3.1778,1.9863,0.6205,0.3043,19.0403,2.1065,0.4927,23.6106,0,100,16.2642,43.0674,21.4198,12.3076,40.2637,33.8614,3.9495,31.9488,12.0163,19.04,3.4919,0.2357,0,237.8664,24.9105,22.2226,4.9946,12.9036,6.4802,10.8634,6.9405,1.6261,2.4677,3.3323,0.281,1.4621,1.5155,100,90.5605,41.4812,23.129,17.7542,8.2062,40.6602,13.3722,7.3517,16.8708,10.8799,13.6491,0.1765,0,284.0914,8.4873,7.5188,83.9939,76.9398,91.7469,88.455,2.4411,30.7062,66.4847,26.5784,28.7677,1.8829,1.4903,0.227,47.7754,4.7689,0.1386,5.2163,2.1053,0.5144,37.209,0.2904,4.4836,1.1046,1.2936,1.6586,2.7405,94.6534,42.0792,25.2422,6.8627,31.9339,11.3658,1.6007,2.1999,36.7247,9.736,4.8183,2.0431,0.8678,33.9717,12.0817,4.4058,11.685,0.227
スペイン,10786,71.9942,14.4953,4.6804,2.8635,1.2855,2.0694,0.9087,1.703,1.3147,14.5394,43.6429,30.7313,6.3807,2.776,0.615,30.3109,32.7665,15.0268,5.3259,16.0964,0,23.5203,75.2186,1.2611,1.9038,0.1546,0.1627,0.9381,0.2455,0,0.3578,0.2675,7.61,0.2495,0.7678,70.5345,88.8032,20.5464,0.6024,0.2205,9.6986,0,3.0481,3.6823,16.3119,2.5811,5.7421,0.4923,0.4853,62.335,52.2584,7.4877,19.2936,4.1127,0,0.083,1.6482,23.8564,0,0.0714,0.4079,0.0714,0.1982,2.0825,0.083,0.7651,0.3547,0.1843,0.2375,0.9329,2.4273,414.2971,82.3619,16.992,0,0.4093,0,0,0.2368,100,64.7333,22.962,9.5093,2.6385,0,0,0.157,100,12.6875,16.8296,30.2036,17.3016,5.7597,12.2016,23.2665,17.926,40.4906,32.4444,5.883,4.7579,10.0349,28.1297,29.6041,27.48,0.9475,10.5864,0.8439,6.8084,0,0.8589,3.6881,338.7336,38.094,66.9366,52.262,41.6234,8.7001,12.2212,29.5403,49.7804,0.9137,13.4466,0,4.9183,11.6522,7.3262,1.8642,9.9614,0.6037,2.6657,352.5101,99.0525,54.3176,35.2534,35.059,73.2724,70.0922,68.3716,49.7645,13.2723,0.8757,2.4623,9.7511,5.7805,17.717,21.7566,13.0057,65.0591,55.8664,32.3801,0.6007,0,723.7106,98.8451,95.2514,96.0555,95.1047,97.174,93.2572,95.1371,98.793,95.4743,31.4048,75.6059,93.8401,84.1927,94.7531,92.9222,90.7631,99.0768,98.5179,100,0,89.8824,39.1312,35.6206,38.9902,65.1288,50.4936,48.7942,42.6956,11.5225,3.5023,0.9375,9.787,7.4394,17.3544,22.444,11.0797,59.103,47.2723,27.6177,0,2.7603,631.5566,32.8307,1.2834,3.8013,1.5574,14.8778,1.4799,0.6177,4.1868,0.322,2.0606,0.2988,0.9005,1.2647,0.6315,6.3347,0.2828,16.8042,7.4354,1.5213,0,1.5084,100,70.8552,26.3677,45.3439,47.7283,62.4587,28.8562,33.004,31.6692,15.541,13.738,2.3614,18.8262,13.2225,29.8223,44.4552,15.8276,53.1354,44.7458,32.1893,0.6195,0.2906,0.5149,631.5726,16.4953,1.8284,0,5.8966,4.7237,0,0.5504,20.6844,3.2675,2.4402,0.5553,0.1617,13.1802,3.0941,0.7122,26.41,0,100,19.4381,38.8797,23.7664,17.6452,41.1091,30.9663,7.5065,30.9012,20.5156,23.7507,2.7044,0.2358,0,257.4191,24.0969,23.9202,4.0721,13.1886,5.5993,11.166,6.6012,0.7088,6.1089,1.7771,0,0.1512,2.6097,100,94.9906,42.1514,26.1923,23.4231,8.5814,35.1879,9.8526,9.5329,24.6419,11.4539,11.5238,0.2995,0,297.8312,7.2971,6.9965,85.7064,80.9848,93.8317,91.8116,2.3102,40.97,69.8783,27.3912,24.869,1.6092,1.2789,1.1977,56.7929,4.9851,0.2186,10.8334,3.1399,2.7607,42.934,0.4372,8.6632,1.3495,0.0967,1.3205,2.5434,96.1058,53.6647,26.2204,3.6496,40.9476,16.1254,1.4894,2.0266,47.3868,10.8201,7.2026,1.6976,0.9577,28.2863,11.8406,6.8976,16.3623,0.5047
ロシア,7497,51.5289,13.6561,7.9299,4.1571,5.0877,4.0572,6.5397,7.0433,5.7827,18.1568,48.7274,10.4944,2.9191,11.7657,2.1539,35.6956,14.8013,21.0509,10.6164,15.1892,0,25.2111,66.9319,7.857,6.9835,0.6339,0,0.6285,0,0.7898,0.3522,0.3461,2.7637,0.6975,0.565,89.6925,75.0059,9.8803,2.097,1.6836,0.6339,0,3.8475,2.1711,0.2825,2.1512,3.9436,0.187,0.4023,23.6407,22.3752,2.7816,9.6211,1.7999,0.8357,0.3514,1.4577,5.6658,0.3949,0,0.565,0.2825,0,1.2751,0,0.2825,0.565,0.4408,0.4408,0.4408,1.652,280.607,77.9203,19.6833,1.659,0.5962,0,0.1412,0,100,69.9507,17.6872,9.8913,2.2778,0.193,0,0,100,10.279,14.4789,16.1061,12.7695,3.432,18.3779,28.1927,22.8043,24.2278,25.4956,6.4313,2.5098,6.0111,14.171,20.4543,23.8538,1.2715,11.2539,0.7577,5.1576,1.1065,1.2184,8.7677,279.1282,29.9364,57.1359,40.8067,39.8808,14.0032,10.0922,19.4456,41.0599,0.2872,13.1663,2.8566,7.0641,6.9605,5.082,2.3435,14.8352,0.8881,7.9845,313.8287,95.7099,52.5441,18.9077,24.5381,52.0843,63.2614,70.6038,46.6306,28.81,3.8058,2.2499,5.0283,4.6595,10.1796,18.1121,10.5692,44.7691,42.05,14.1783,1.6269,0.8626,611.1813,95.8567,93.132,91.1964,93.8156,99.2472,96.4121,92.601,96.6177,96.2422,89.6983,100,92.2027,100,100,95.5723,96.1219,96.706,97.7017,97.1091,100,79.4768,37.1246,16.934,22.2067,41.4074,46.58,54.9403,38.3661,22.2132,3.0704,1.9627,5.701,4.0851,8.0486,17.202,9.1254,36.6777,32.3595,12.1104,1.8291,5.1736,496.5946,29.6067,2.8457,0.3029,4.2403,10.1856,3.4319,5.6483,7.5939,3.7659,0.665,0.6057,1.0123,2.3347,0.7351,4.5165,0.9097,10.7961,4.8881,1.5739,0.9165,3.4251,100,67.9007,23.6967,29.7109,51.0206,52.9124,28.4003,38.4435,32.7518,22.4989,14.1536,6.5979,17.3181,10.1548,21.6189,33.5099,13.1167,40.3871,34.307,10.5474,3.9192,1.5353,1.9354,556.4372,22.2619,3.9834,1.0438,3.4558,5.5258,3.4555,0,23.3503,7.7442,8.6062,2.2177,0,5.6956,1.926,0,10.073,0.6605,100,24.4731,49.7541,19.7547,22.3956,36.1878,13.0269,14.0414,37.0598,14.2816,15.7452,6.6856,0,0,253.4057,38.2454,20.5335,4.691,5.5579,8.2959,4.5887,3.7911,0,3.4876,2.9498,0,3.9147,3.9444,100,93.4589,59.7613,20.8365,16.7665,7.4168,37.7784,16.9439,8.3817,19.3568,15.7786,6.5108,0,0,302.9902,7.9865,4.4278,87.5857,79.4105,88.7207,80.3988,3.4653,11.7024,67.5779,23.6379,20.1325,2.9553,0.5998,1.2861,49.4101,3.312,0.5168,18.5702,1.9221,1.937,30.8488,1.4929,7.528,2.9319,0.7491,0.7221,3.3615,93.3895,53.9819,36.6935,5.9032,32.1739,26.2955,17.4464,10.2862,44.891,16.5662,8.0098,3.6443,2.8191,9.2517,11.2014,1.9404,7.5863,0.497
米国,10923,51.9231,16.1705,7.3524,4.8697,3.7531,5.0954,5.5947,5.241,8.8904,24.4698,43.8941,14.2354,2.8327,3.933,1.7446,46.4138,18.4429,15.5314,6.2817,12.4067,1.8516,24.3986,70.9249,4.6765,4.67,1.4432,0.1184,1.0672,0.2845,0.3307,0.3903,0.6339,1.5482,0.8253,1.0807,63.0617,76.1866,16.9858,0.6602,0.2706,2.2487,0.2223,3.0811,2.4563,1.8522,3.0552,4.6335,0.5092,0.6686,30.4445,28.324,4.5731,5.7014,1.3207,0.4306,0.2086,0.7396,7.2939,0.9403,0.3768,0.7292,0.4216,0.3966,3.0165,0.2093,1.4525,0.539,0.3942,0.2163,0.6964,3.8769,280.5863,79.5531,18.7726,0.8884,0.5894,0.1264,0.0372,0.033,100,72.6547,22.3312,3.7468,0.9349,0.2175,0.0777,0.0372,100,7.6741,8.4132,16.1482,13.1238,5.5062,7.4889,27.8808,13.8908,18.716,27.7169,10.1276,0.8441,2.2655,13.0081,27.5448,28.8821,0.4295,4.4652,0.7462,4.1534,0.4075,2.4088,11.4371,253.2786,26.8187,59.0598,41.3012,21.9789,6.8107,11.4867,18.429,50.7839,0.3687,26.9302,2.4763,8.6267,6.5045,7.9781,5.0567,17.6118,2.9373,8.3248,323.4838,97.6793,63.6342,18.5182,21.0761,60.4239,68.8064,65.2521,44.9418,12.9432,3.06,2.1151,7.4906,6.847,12.7421,19.2345,10.2148,54.7925,47.3634,22.7168,1.1199,0.4634,641.4356,98.5386,97.7801,95.1583,96.9128,98.5559,97.3535,96.4468,97.8759,97.9423,95.0223,92.5371,96.3621,95.4218,97.6171,95.703,96.0214,98.4129,98.3993,98.0191,85.1551,82.6578,44.1704,19.0008,24.6703,51.179,47.428,45.5335,37.8122,12.5557,5.0329,2.522,7.9135,9.3799,12.5706,21.1976,9.8163,47.1521,38.1442,18.7949,0.8578,7.301,545.6907,41.2819,1.8256,1.3925,3.6608,10.9418,1.5978,2.4319,3.6882,2.5932,2.4724,0.6652,0.8572,1.936,1.6128,3.53,1.1359,10.2456,4.8564,1.2419,0.1801,1.8527,100,74.8162,41.5583,37.1799,48.5683,59.242,33.2206,38.2255,38.1548,18.832,15.4361,4.2044,19.931,19.8685,32.7013,40.3334,12.8086,53.0236,40.3515,20.0503,0.7945,1.0446,0.7285,651.0738,20.1791,5.8483,0.5308,6.6453,2.6924,0.3554,0.1815,17.9933,4.8939,1.4049,0.5952,0.6181,10.1443,1.9577,1.0383,24.6059,0.3156,100,24.8857,42.9574,22.0689,15.6738,36.067,24.4691,10.0113,31.5437,11.4289,21.3502,3.303,0.8135,0,244.5724,21.969,20.6178,5.2494,19.4926,6.1402,6.1347,6.6772,0.9393,6.5197,2.3792,0.1758,1.9597,1.7454,100,92.7215,40.2442,23.2061,18.667,7.4383,33.9217,20.0639,8.6561,16.3066,9.6042,12.805,0.8557,0,284.4905,4.5551,3.5954,91.8494,80.0227,93.0331,88.7835,4.0374,19.5111,69.8701,23.4168,33.4479,2.1784,0.6772,0.7126,49.2288,5.5327,0.3125,9.3238,2.4719,3.0556,33.7691,1.9764,5.9055,1.8885,0.891,0.6582,2.9393,88.0438,41.2421,26.663,4.0013,34.0641,7.2551,2.9923,3.7813,30.9536,8.931,3.128,1.1841,3.3199,20.3343,8.3007,3.3687,11.9328,0.6095
カナダ,10342,59.8273,14.8068,6.3899,3.7251,2.7397,3.6817,4.3817,4.4478,8.7798,17.895,39.3561,24.0817,5.3756,3.8634,0.6483,35.6129,25.7717,17.0715,3.5853,16.535,1.5563,24.833,71.7252,3.4418,4.0008,1.0823,0.4093,0.5992,0.8479,0.672,0.2548,0.3765,2.0752,0.4626,1.2457,58.6099,83.7666,14.7552,0.7374,0.2291,3.9874,0.3811,4.973,5.6029,3.5799,5.3065,4.505,0.8406,0.4927,40.8161,41.5735,8.846,9.1188,2.3848,0.7627,0.0329,1.0829,12.4094,0.1751,0.6916,1.4356,0.7072,0.2846,3.2397,0.0868,1.4146,0.5547,1.372,0.1845,1.6316,1.5627,330.1616,74.5476,24.3498,0.6073,0.2653,0,0.1098,0.1201,100,66.467,26.792,3.8849,2.0583,0.5678,0.23,0,100,11.3975,9.0585,17.8777,12.7389,8.3015,9.497,34.232,15.0669,21.1325,34.2941,18.019,2.3598,2.9414,14.7736,27.8001,21.4226,0.5411,4.8175,1.2529,5.6604,0.7296,1.5614,6.9338,282.4097,35.7017,60.8153,38.3888,31.8301,9.811,9.0485,18.9226,53.2199,0.119,24.1046,4.1645,7.8073,8.2678,7.1051,6.1231,13.6607,4.5661,7.79,341.4462,97.5603,60.5276,27.905,34.2371,67.3263,67.8272,67.6952,48.2516,17.2218,2.5171,2.5309,7.0552,8.9596,15.8717,21.7288,11.3153,55.2149,48.5029,24.7027,0.7678,1.0525,688.7715,98.7303,97.7178,98.3192,97.6972,98.7478,97.5886,97.2441,98.0193,97.0403,100,96.3422,98.1815,98.818,97.8999,98.466,97.4473,98.5014,98.4527,97.4172,100,87.3569,48.1476,28.1784,34.9814,60.3582,52.9941,51.6679,41.5157,17.2355,3.2657,2.4086,7.1065,11.1025,16.4806,24.6534,9.4944,49.2181,42.005,21.2756,0.4888,6.2758,616.2108,34.7811,0.9347,3.684,4.0909,7.988,2.7615,5.0553,2.6979,3.9573,2.6038,1.0653,0.853,4.1192,2.8642,5.7601,0.2808,8.9838,5.1529,0.833,0,1.533,100,73.1108,41.9501,41.1695,52.3922,61.0567,34.6652,38.1893,36.0507,15.4122,16.9013,4.6522,18.1939,21.14,29.9051,38.7661,11.8165,48.8606,40.0862,19.3866,0,2.0097,1.2007,646.9156,16.2912,7.4794,0.6582,6.9692,3.667,0.1071,0.1769,21.8633,4.6851,1.5513,0.5337,0.1915,7.2691,1.7683,0.6345,25.749,0.4052,100,23.9516,45.7225,25.2727,16.5499,38.808,25.9522,13.4032,33.296,12.1092,20.007,3.6581,0.6739,0,259.4043,20.908,18.7161,5.0514,19.2514,6.3852,11.1051,7.8293,0.9206,4.7027,2.2354,0,1.7465,1.1485,100,94.5386,42.0003,27.4261,20.8189,7.6534,37.1602,22.4821,11.9876,18.8454,11.6654,18.5154,1.1205,0,314.2139,5.5374,6.1408,88.3219,80.8606,93.1261,89.3047,4.4028,27.8574,73.077,25.8129,29.0599,3.1043,0.938,0.531,56.261,5.4147,0.2571,11.1852,2.2172,4.2322,39.9193,2.3774,8.7718,1.7926,0.5419,0.6784,3.5933,91.1003,44.7043,30.1287,6.3796,35.0171,10.4975,4.6804,4.7901,40.1058,12.6879,5.0839,1.2881,3.6457,20.8376,8.1091,3.0842,14.3939,0.594
オーストラリア,7922,57.1232,18.824,6.0642,4.6451,3.6323,3.1881,3.0987,3.4245,2.6325,12.6559,39.5809,31.4259,9.7008,3.7491,0.255,25.4941,29.0696,26.2413,2.2381,15.9839,1.2428,33.8578,64.5294,1.6128,8.8684,0.9972,0.5516,1.3211,0.6022,0.5906,1.1059,0.269,2.0014,1.2191,0.939,64.0938,86.0055,13.49,2.4982,0.8368,5.3391,0.124,6.7755,14.4829,6.1353,4.3374,4.6253,0.4447,0.2975,43.3549,44.9768,3.9253,8.2003,2.2726,0.3642,0.2135,1.8707,17.0185,0.1611,0.3933,1.4913,0.4894,0.3318,1.9754,0.133,1.7693,0.5734,1.2638,0.1469,0.7672,1.4493,361.0932,82.1433,16.7708,0.5547,0.3724,0,0.1588,0,100,70.2262,21.3467,5.0527,2.7469,0.3834,0.2441,0,100,15.5951,15.9603,28.3675,17.908,10.9806,9.4081,39.0834,15.9947,17.3542,27.8518,16.4264,1.7347,8.518,17.714,35.7466,18.344,0.6901,4.8566,1.0937,6.0759,0.3082,0.5779,5.1056,315.6955,35.3995,63.5715,32.2779,38.0114,8.0861,9.9352,18.0249,58.6274,0.2542,25.9536,3.6535,9.1275,7.5895,9.2458,5.6272,10.8556,6.5861,4.6905,347.5176,98.2506,65.8772,31.0856,38.57,70.9167,75.755,73.2226,59.044,25.7137,16.9021,3.8622,10.2322,12.9602,14.9302,26.9481,10.5618,58.9444,42.1698,26.1801,2.1243,0.0829,764.3333,98.7573,97.9107,98.1663,99.7372,99.2661,97.2489,95.175,99.0013,98.4816,100,97.8547,97.9521,95.3615,96.1822,99.2477,98.2558,99.2494,98.5954,99.1289,96.0996,84.1401,52.4048,30.8867,35.5117,63.1729,55.1892,57.1543,47.7611,23.7638,19.3487,3.9749,9.5323,14.7441,13.6804,27.9707,10.4812,50.8878,36.9384,21.971,0.7579,4.7231,664.995,22.8117,1.3706,1.4522,4.4196,14.8956,0.9078,2.6107,4.4557,4.1964,14.0737,1.1742,0.6268,5.7045,1.8664,4.8692,0.6861,7.9851,3.4839,1.6946,0.087,0.6283,100,72.7501,41.0285,40.195,57.6981,56.2717,31.5727,40.5716,36.3355,24.6506,37.6341,4.8432,18.2826,26.0352,30.107,48.5235,13.592,44.8802,38.955,18.7629,0.4179,0.8964,0.8367,684.8406,13.7103,5.5542,0.2115,4.9332,3.2049,0.1865,0,20.4722,8.6309,2.0198,1.2508,0,8.9689,1.7391,0.9124,27.7293,0.476,100,18.7825,45.2999,27.9663,22.6834,33.0503,22.7821,12.1302,35.4045,15.1958,14.7695,5.3371,1.0955,0,254.4971,13.063,28.1038,4.2919,17.0377,6.7072,11.0545,6.6771,0.3849,6.6979,2.3506,0.0929,1.8872,1.6514,100,95.1436,38.8543,29.0365,23.5825,6.9392,38.4534,18.3509,12.3932,15.0368,9.4064,21.1321,1.3567,0,309.6856,8.6339,6.5803,84.7858,82.8578,94.3533,89.3912,4.7465,36.2315,72.209,25.7067,29.8118,2.9733,0.9244,0.8351,70.268,6.7161,0.3691,23.7331,3.1264,7.4046,40.3776,13.2705,8.3518,2.0379,0.7453,3.4497,2.4168,93.1255,42.0511,36.5097,4.0137,37.8898,10.6982,4.7608,3.2443,41.838,18.0552,5.9007,2.5049,4.1681,21.9496,6.884,3.0182,12.6018,0
その他,,64.0388,12.5601,6.4336,3.4458,3.1257,3.8419,3.291,3.2631,3.272,18.5012,36.4146,23.4132,8.3448,8.2999,1.7543,40.5358,17.6011,17.21,6.865,16.7496,0.2723,25.424,70.0098,4.5662,4.6208,0.5942,0.2057,1.6191,0.4478,0.2478,0.5841,1.638,3.5151,1.1734,1.3909,68.1229,81.8858,12.9901,1.1543,0.5668,3.9684,0.245,4.4458,4.5253,4.1573,3.5454,6.576,0.968,0.5002,35.8778,35.0123,6.4425,8.5572,2.637,0.2518,0.2354,1.9064,12.4018,0.2498,0.4942,1.5012,0.6008,0.4255,4.7447,0.2938,1.8145,0.8784,1.3324,0.4303,1.5335,2.3242,329.6338,79.9211,18.8638,0.5859,0.3333,0.1743,0.0622,0.0594,100,65.6801,26.4045,5.9128,1.596,0.3166,0.0899,0,100,11.1713,10.7147,14.899,11.1807,8.898,8.8459,27.1514,15.9059,20.0601,31.7386,12.7572,3.1291,3.6935,16.8092,27.5277,26.7786,0.823,5.5922,1.0775,5.0218,0.8705,3.301,6.9507,274.8978,26.5764,66.7054,40.5462,28.6405,9.3689,9.2092,19.9503,51.7094,1.5794,25.9443,2.1284,9.9505,6.5815,3.9778,2.8274,10.5317,2.5392,7.0813,325.8479,97.2979,62.106,21.1778,24.1804,62.0591,67.1602,68.2623,49.3381,20.385,1.9686,3.1625,6.5989,14.6655,16.8336,15.3713,10.1944,63.2071,50.1903,22.9476,1.3926,0.4448,678.9437,97.5706,97.2478,94.1462,98.3212,99.0728,94.6758,96.5074,98.2216,95.8405,100,94.6924,96.5232,93.9221,96.2716,96.3104,92.2677,98.4807,97.9529,96.771,73.9841,83.8695,43.5131,20.1107,25.8195,52.4583,45.9355,46.3633,38.9054,18.1661,3.775,3.5004,9.6982,16.685,13.4662,17.5046,8.3072,54.2563,41.9199,18.1358,0.4585,6.4291,569.2777,37.259,1.2434,1.6318,2.2738,10.3014,1.0817,2.921,2.4103,1.9982,1.4448,0.8026,1.6255,5.5889,2.23,3.649,0.6729,13.5795,5.9658,1.3236,0.1006,1.8962,100,69.7757,37.798,34.7319,47.3494,52.4527,25.5394,35.5967,33.4987,24.1303,16.2588,4.8309,14.8147,15.9563,32.3799,33.5873,12.5901,49.0446,41.6241,17.7534,1.5536,2.2414,0.8752,604.383,14.0376,6.0551,0.4161,6.7662,4.362,0.2471,0.1304,21.7688,6.1137,4.9062,1.4075,0.0203,8.8247,2.668,0.4269,21.7224,0.1271,100,21.3445,45.4047,21.7052,16.7935,40.0493,22.781,9.8485,34.2097,12.5257,15.7427,3.9932,1.1862,0,245.5842,25.4074,19.4627,4.6801,16.9209,6.7176,7.4884,7.4012,0.9843,4.444,1.6372,0.0235,2.1171,2.7155,100,92.2233,44.0814,23.2518,19.3529,6.3362,36.1354,17.6248,8.0895,15.2844,12,11.2115,1.0597,0,286.6509,5.0709,4.75,90.1791,80.2673,92.6936,90.5603,5.3842,27.2501,72.9302,26.0909,26.864,2.9536,1.7494,0.2206,58.8369,3.8235,0.1743,12.6735,1.751,7.429,41.073,1.0693,7.2791,1.0944,1.3741,0.9348,3.4669,92.0775,42.9985,28.7685,5.6378,37.4436,12.2058,3.5345,3.5665,41.8073,15.0093,8.2946,3.1071,2.7082,20.1239,7.6952,3.6305,10.9661,0.0285
